,Date,Regular,Diesel,date_encoding
0,2022-08-29,3.85,5.06,0.0
1,2022-08-30,3.8377551020408167,5.035714285714286,0.14285714285714285
2,2022-08-31,3.8303061224489796,5.044999999999999,0.2857142857142857
3,2022-09-01,3.82265306122449,5.0528571428571425,0.42857142857142855
4,2022-09-02,3.814795918367347,5.059285714285714,0.5714285714285714
5,2022-09-03,3.8067346938775515,5.064285714285715,0.7142857142857143
6,2022-09-04,3.798469387755102,5.067857142857143,0.8571428571428571
7,2022-09-05,3.79,5.07,1.0
8,2022-09-06,3.7910204081632655,5.061428571428571,1.1428571428571428
9,2022-09-07,3.77765306122449,5.052857142857143,1.2857142857142858
10,2022-09-08,3.7648979591836738,5.0442857142857145,1.4285714285714286
11,2022-09-09,3.7527551020408163,5.035714285714286,1.5714285714285714
12,2022-09-10,3.7412244897959184,5.027142857142857,1.7142857142857142
13,2022-09-11,3.7303061224489795,5.018571428571429,1.8571428571428572
14,2022-09-12,3.72,5.01,2.0
15,2022-09-13,3.74734693877551,5.005102040816326,2.142857142857143
16,2022-09-14,3.731530612244898,4.9954081632653065,2.2857142857142856
17,2022-09-15,3.7175510204081634,4.9859183673469385,2.4285714285714284
18,2022-09-16,3.7054081632653064,4.976632653061225,2.5714285714285716
19,2022-09-17,3.6951020408163266,4.967551020408163,2.7142857142857144
20,2022-09-18,3.6866326530612246,4.958673469387755,2.857142857142857
21,2022-09-19,3.68,4.95,3.0
22,2022-09-20,3.6944897959183676,4.950204081632653,3.142857142857143
23,2022-09-21,3.699387755102041,4.940816326530612,3.2857142857142856
24,2022-09-22,3.7046938775510205,4.931836734693878,3.4285714285714284
25,2022-09-23,3.7104081632653063,4.923265306122449,3.5714285714285716
26,2022-09-24,3.716530612244898,4.915102040816326,3.7142857142857144
27,2022-09-25,3.723061224489796,4.90734693877551,3.857142857142857
28,2022-09-26,3.73,4.9,4.0
29,2022-09-27,3.7583673469387753,4.976530612244898,4.142857142857143
30,2022-09-28,3.7627551020408165,4.947551020408163,4.285714285714286
31,2022-09-29,3.7681632653061223,4.923061224489795,4.428571428571429
32,2022-09-30,3.774591836734694,4.903061224489797,4.571428571428571
33,2022-10-01,3.78204081632653,4.887551020408163,4.714285714285714
34,2022-10-02,3.7905102040816328,4.876530612244898,4.857142857142857
35,2022-10-03,3.8,4.87,5.0
36,2022-10-04,3.7620408163265306,4.908163265306123,5.142857142857143
37,2022-10-05,3.796020408163265,4.931938775510204,5.285714285714286
38,2022-10-06,3.8269387755102042,4.956326530612245,5.428571428571429
39,2022-10-07,3.854795918367347,4.981326530612245,5.571428571428571
40,2022-10-08,3.879591836734694,5.0069387755102035,5.714285714285714
41,2022-10-09,3.9013265306122444,5.033163265306123,5.857142857142857
42,2022-10-10,3.92,5.06,6.0
43,2022-10-11,3.8899999999999997,5.028979591836734,6.142857142857143
44,2022-10-12,3.8935714285714287,5.079489795918367,6.285714285714286
45,2022-10-13,3.8957142857142855,5.126530612244897,6.428571428571429
46,2022-10-14,3.8964285714285714,5.170102040816326,6.571428571428571
47,2022-10-15,3.895714285714286,5.210204081632653,6.714285714285714
48,2022-10-16,3.8935714285714287,5.246836734693878,6.857142857142857
49,2022-10-17,3.89,5.28,7.0
50,2022-10-18,3.9014285714285717,5.261428571428572,7.142857142857143
51,2022-10-19,3.8792857142857144,5.276428571428571,7.285714285714286
52,2022-10-20,3.858571428571429,5.29,7.428571428571429
53,2022-10-21,3.839285714285714,5.302142857142857,7.571428571428571
54,2022-10-22,3.821428571428571,5.312857142857143,7.714285714285714
55,2022-10-23,3.805,5.3221428571428575,7.857142857142857
56,2022-10-24,3.79,5.33,8.0
57,2022-10-25,3.8114285714285714,5.345510204081633,8.142857142857142
58,2022-10-26,3.7992857142857144,5.33704081632653,8.285714285714286
59,2022-10-27,3.7885714285714287,5.329591836734694,8.428571428571429
60,2022-10-28,3.7792857142857144,5.323163265306122,8.571428571428571
61,2022-10-29,3.771428571428571,5.317755102040817,8.714285714285714
62,2022-10-30,3.765,5.313367346938775,8.857142857142858
63,2022-10-31,3.76,5.31,9.0
64,2022-11-01,3.7399999999999998,5.310612244897959,9.142857142857142
65,2022-11-02,3.7535714285714286,5.316020408163265,9.285714285714286
66,2022-11-03,3.7657142857142856,5.3212244897959184,9.428571428571429
67,2022-11-04,3.7764285714285712,5.3262244897959174,9.571428571428571
68,2022-11-05,3.7857142857142856,5.331020408163265,9.714285714285714
69,2022-11-06,3.793571428571428,5.335612244897959,9.857142857142858
70,2022-11-07,3.8,5.34,10.0
71,2022-11-08,3.7663265306122446,5.313469387755101,10.142857142857142
72,2022-11-09,3.7710204081632654,5.32530612244898,10.285714285714286
73,2022-11-10,3.774081632653061,5.335510204081633,10.428571428571429
74,2022-11-11,3.7755102040816326,5.344081632653062,10.571428571428571
75,2022-11-12,3.7753061224489795,5.351020408163265,10.714285714285714
76,2022-11-13,3.773469387755102,5.356326530612245,10.857142857142858
77,2022-11-14,3.77,5.36,11.0
78,2022-11-15,3.7542857142857144,5.344081632653062,11.142857142857142
79,2022-11-16,3.7385714285714284,5.337755102040817,11.285714285714286
80,2022-11-17,3.722857142857143,5.3310204081632655,11.428571428571429
81,2022-11-18,3.7071428571428573,5.323877551020408,11.571428571428571
82,2022-11-19,3.6914285714285717,5.316326530612245,11.714285714285714
83,2022-11-20,3.6757142857142857,5.308367346938776,11.857142857142858
84,2022-11-21,3.66,5.3,12.0
85,2022-11-22,3.6295918367346944,5.266530612244898,12.142857142857142
86,2022-11-23,3.6183673469387756,5.261836734693877,12.285714285714286
87,2022-11-24,3.606326530612245,5.255918367346938,12.428571428571429
88,2022-11-25,3.593469387755102,5.248775510204082,12.571428571428571
89,2022-11-26,3.579795918367347,5.240408163265307,12.714285714285714
90,2022-11-27,3.5653061224489795,5.230816326530612,12.857142857142858
91,2022-11-28,3.55,5.22,13.0
92,2022-11-29,3.5322448979591834,5.192653061224489,13.142857142857142
93,2022-11-30,3.5096938775510202,5.1748979591836735,13.285714285714286
94,2022-12-01,3.4873469387755103,5.156734693877551,13.428571428571429
95,2022-12-02,3.4652040816326526,5.138163265306122,13.571428571428571
96,2022-12-03,3.4432653061224485,5.119183673469387,13.714285714285714
97,2022-12-04,3.4215306122448976,5.099795918367347,13.857142857142858
98,2022-12-05,3.4,5.08,14.0
99,2022-12-06,3.38734693877551,5.060816326530612,14.142857142857142
100,2022-12-07,3.3651020408163266,5.036836734693878,14.285714285714286
101,2022-12-08,3.343265306122449,5.013061224489796,14.428571428571429
102,2022-12-09,3.3218367346938775,4.9894897959183675,14.571428571428571
103,2022-12-10,3.300816326530612,4.966122448979592,14.714285714285714
104,2022-12-11,3.280204081632653,4.942959183673469,14.857142857142858
105,2022-12-12,3.26,4.92,15.0
106,2022-12-13,3.2722448979591836,4.920612244897959,15.142857142857142
107,2022-12-14,3.2461224489795915,4.892448979591837,15.285714285714286
108,2022-12-15,3.2216326530612247,4.865510204081633,15.428571428571429
109,2022-12-16,3.1987755102040816,4.839795918367346,15.571428571428571
110,2022-12-17,3.1775510204081634,4.815306122448979,15.714285714285714
111,2022-12-18,3.1579591836734693,4.79204081632653,15.857142857142858
112,2022-12-19,3.14,4.77,16.0
113,2022-12-20,3.1930612244897962,4.790204081632653,16.142857142857142
114,2022-12-21,3.169387755102041,4.767244897959183,16.285714285714285
115,2022-12-22,3.1489795918367345,4.746122448979592,16.428571428571427
116,2022-12-23,3.131836734693878,4.726836734693877,16.571428571428573
117,2022-12-24,3.1179591836734697,4.709387755102041,16.714285714285715
118,2022-12-25,3.1073469387755104,4.693775510204081,16.857142857142858
119,2022-12-26,3.1,4.68,17.0
120,2022-12-27,3.0951020408163266,4.6689795918367345,17.142857142857142
121,2022-12-28,3.1189795918367347,4.67234693877551,17.285714285714285
122,2022-12-29,3.1416326530612246,4.675102040816326,17.428571428571427
123,2022-12-30,3.163061224489796,4.677244897959183,17.571428571428573
124,2022-12-31,3.183265306122449,4.6787755102040816,17.714285714285715
125,2023-01-01,3.2022448979591838,4.67969387755102,17.857142857142858
126,2023-01-02,3.22,4.68,18.0
127,2023-01-03,3.2175510204081634,4.6683673469387745,18.142857142857142
128,2023-01-04,3.2294897959183673,4.666326530612245,18.285714285714285
129,2023-01-05,3.240816326530612,4.663877551020408,18.428571428571427
130,2023-01-06,3.251530612244898,4.661020408163266,18.571428571428573
131,2023-01-07,3.2616326530612247,4.657755102040816,18.714285714285715
132,2023-01-08,3.271122448979592,4.654081632653062,18.857142857142858
133,2023-01-09,3.28,4.65,19.0
134,2023-01-10,3.313673469387755,4.668571428571429,19.142857142857142
135,2023-01-11,3.308979591836734,4.653571428571429,19.285714285714285
136,2023-01-12,3.305918367346939,4.640000000000001,19.428571428571427
137,2023-01-13,3.3044897959183674,4.627857142857143,19.571428571428573
138,2023-01-14,3.3046938775510206,4.6171428571428565,19.714285714285715
139,2023-01-15,3.306530612244898,4.607857142857142,19.857142857142858
140,2023-01-16,3.31,4.6,20.0
141,2023-01-17,3.3183673469387753,4.617551020408162,20.142857142857142
142,2023-01-18,3.336326530612245,4.615918367346938,20.285714285714285
143,2023-01-19,3.353877551020408,4.615102040816327,20.428571428571427
144,2023-01-20,3.371020408163265,4.615102040816327,20.571428571428573
145,2023-01-21,3.387755102040816,4.615918367346938,20.714285714285715
146,2023-01-22,3.404081632653061,4.617551020408164,20.857142857142858
147,2023-01-23,3.42,4.62,21.0
148,2023-01-24,3.3851020408163266,4.584489795918368,21.142857142857142
149,2023-01-25,3.4125510204081633,4.606530612244898,21.285714285714285
150,2023-01-26,3.4373469387755105,4.626122448979592,21.428571428571427
151,2023-01-27,3.4594897959183672,4.643265306122449,21.571428571428573
152,2023-01-28,3.4789795918367346,4.657959183673469,21.714285714285715
153,2023-01-29,3.495816326530612,4.670204081632653,21.857142857142858
154,2023-01-30,3.51,4.68,22.0
155,2023-01-31,3.5006122448979586,4.6677551020408155,22.142857142857142
156,2023-02-01,3.496020408163265,4.660306122448979,22.285714285714285
157,2023-02-02,3.4912244897959184,4.652653061224489,22.428571428571427
158,2023-02-03,3.4862244897959185,4.644795918367347,22.571428571428573
159,2023-02-04,3.481020408163265,4.636734693877551,22.714285714285715
160,2023-02-05,3.4756122448979596,4.628469387755103,22.857142857142858
161,2023-02-06,3.47,4.62,23.0
162,2023-02-07,3.4775510204081637,4.613673469387756,23.142857142857142
163,2023-02-08,3.465918367346939,4.602551020408163,23.285714285714285
164,2023-02-09,3.455102040816327,4.591632653061224,23.428571428571427
165,2023-02-10,3.4451020408163266,4.580918367346939,23.571428571428573
166,2023-02-11,3.4359183673469387,4.570408163265307,23.714285714285715
167,2023-02-12,3.4275510204081634,4.560102040816326,23.857142857142858
168,2023-02-13,3.42,4.55,24.0
169,2023-02-14,3.4075510204081634,4.53408163265306,24.142857142857142
170,2023-02-15,3.4094897959183674,4.527755102040817,24.285714285714285
171,2023-02-16,3.4108163265306124,4.521020408163265,24.428571428571427
172,2023-02-17,3.411530612244898,4.513877551020409,24.571428571428573
173,2023-02-18,3.4116326530612247,4.506326530612244,24.714285714285715
174,2023-02-19,3.411122448979592,4.498367346938776,24.857142857142858
175,2023-02-20,3.41,4.49,25.0
176,2023-02-21,3.433673469387755,4.496938775510204,25.142857142857142
177,2023-02-22,3.4189795918367345,4.479897959183673,25.285714285714285
178,2023-02-23,3.405918367346939,4.463877551020408,25.428571428571427
179,2023-02-24,3.3944897959183677,4.448877551020408,25.571428571428573
180,2023-02-25,3.3846938775510207,4.434897959183674,25.714285714285715
181,2023-02-26,3.376530612244898,4.421938775510204,25.857142857142858
182,2023-02-27,3.37,4.41,26.0
183,2023-02-28,3.383061224489796,4.40204081632653,26.142857142857142
184,2023-03-01,3.3865306122448984,4.398877551020408,26.285714285714285
185,2023-03-02,3.3904081632653065,4.395510204081632,26.428571428571427
186,2023-03-03,3.3946938775510205,4.391938775510204,26.571428571428573
187,2023-03-04,3.399387755102041,4.388163265306122,26.714285714285715
188,2023-03-05,3.4044897959183675,4.384183673469388,26.857142857142858
189,2023-03-06,3.41,4.38,27.0
190,2023-03-07,3.3855102040816325,4.370612244897959,27.142857142857142
191,2023-03-08,3.404183673469388,4.366020408163265,27.285714285714285
192,2023-03-09,3.4210204081632654,4.3612244897959185,27.428571428571427
193,2023-03-10,3.4360204081632655,4.356224489795918,27.571428571428573
194,2023-03-11,3.449183673469388,4.351020408163265,27.714285714285715
195,2023-03-12,3.460510204081633,4.345612244897959,27.857142857142858
196,2023-03-13,3.47,4.34,28.0
197,2023-03-14,3.476734693877551,4.332857142857143,28.142857142857142
198,2023-03-15,3.4690816326530616,4.325714285714286,28.285714285714285
199,2023-03-16,3.462040816326531,4.3185714285714285,28.428571428571427
200,2023-03-17,3.455612244897959,4.311428571428571,28.571428571428573
201,2023-03-18,3.4497959183673466,4.304285714285714,28.714285714285715
202,2023-03-19,3.444591836734694,4.297142857142857,28.857142857142858
203,2023-03-20,3.44,4.29,29.0
204,2023-03-21,3.4657142857142857,4.286530612244898,29.142857142857142
205,2023-03-22,3.4578571428571427,4.278265306122449,29.285714285714285
206,2023-03-23,3.4514285714285715,4.270204081632653,29.428571428571427
207,2023-03-24,3.446428571428571,4.262346938775511,29.571428571428573
208,2023-03-25,3.4428571428571426,4.254693877551021,29.714285714285715
209,2023-03-26,3.440714285714286,4.247244897959184,29.857142857142858
210,2023-03-27,3.44,4.24,30.0
211,2023-03-28,3.45734693877551,4.2489795918367355,30.142857142857142
212,2023-03-29,3.4651020408163267,4.238775510204082,30.285714285714285
213,2023-03-30,3.4732653061224488,4.229387755102041,30.428571428571427
214,2023-03-31,3.4818367346938777,4.2208163265306125,30.571428571428573
215,2023-04-01,3.490816326530612,4.213061224489796,30.714285714285715
216,2023-04-02,3.500204081632653,4.206122448979592,30.857142857142858
217,2023-04-03,3.51,4.2,31.0
218,2023-04-04,3.5155102040816324,4.2,31.142857142857142
219,2023-04-05,3.530612244897959,4.2,31.285714285714285
220,2023-04-06,3.5453061224489795,4.2,31.428571428571427
221,2023-04-07,3.5595918367346937,4.2,31.571428571428573
222,2023-04-08,3.573469387755102,4.2,31.714285714285715
223,2023-04-09,3.586938775510204,4.2,31.857142857142858
224,2023-04-10,3.6,4.2,32.0
225,2023-04-11,3.584285714285714,4.188979591836735,32.142857142857146
226,2023-04-12,3.6021428571428573,4.19234693877551,32.285714285714285
227,2023-04-13,3.6185714285714283,4.195102040816327,32.42857142857143
228,2023-04-14,3.633571428571429,4.197244897959184,32.57142857142857
229,2023-04-15,3.6471428571428572,4.198775510204082,32.714285714285715
230,2023-04-16,3.6592857142857143,4.19969387755102,32.857142857142854
231,2023-04-17,3.67,4.2,33.0
232,2023-04-18,3.6479591836734695,4.1846938775510205,33.142857142857146
233,2023-04-19,3.6546938775510203,4.1837755102040814,33.285714285714285
234,2023-04-20,3.660204081632653,4.182244897959183,33.42857142857143
235,2023-04-21,3.6644897959183673,4.180102040816327,33.57142857142857
236,2023-04-22,3.667551020408163,4.177346938775511,33.714285714285715
237,2023-04-23,3.669387755102041,4.173979591836734,33.857142857142854
238,2023-04-24,3.67,4.17,34.0
239,2023-04-25,3.6577551020408166,4.161428571428571,34.142857142857146
240,2023-04-26,3.6503061224489795,4.152857142857143,34.285714285714285
241,2023-04-27,3.6426530612244896,4.144285714285714,34.42857142857143
242,2023-04-28,3.634795918367347,4.135714285714286,34.57142857142857
243,2023-04-29,3.6267346938775513,4.127142857142857,34.714285714285715
244,2023-04-30,3.618469387755102,4.118571428571429,34.857142857142854
245,2023-05-01,3.61,4.11,35.0
246,2023-05-02,3.625714285714286,4.108775510204082,35.142857142857146
247,2023-05-03,3.6078571428571427,4.09795918367347,35.285714285714285
248,2023-05-04,3.5914285714285716,4.0875510204081635,35.42857142857143
249,2023-05-05,3.576428571428571,4.077551020408163,35.57142857142857
250,2023-05-06,3.5628571428571427,4.067959183673469,35.714285714285715
251,2023-05-07,3.5507142857142857,4.0587755102040814,35.857142857142854
252,2023-05-08,3.54,4.05,36.0
253,2023-05-09,3.54,4.04795918367347,36.142857142857146
254,2023-05-10,3.54,4.041122448979592,36.285714285714285
255,2023-05-11,3.54,4.034489795918367,36.42857142857143
256,2023-05-12,3.54,4.028061224489796,36.57142857142857
257,2023-05-13,3.54,4.021836734693878,36.714285714285715
258,2023-05-14,3.54,4.0158163265306115,36.857142857142854
259,2023-05-15,3.54,4.01,37.0
260,2023-05-16,3.5546938775510206,4.005714285714285,37.142857142857146
261,2023-05-17,3.550204081632653,4.001428571428571,37.285714285714285
262,2023-05-18,3.546530612244898,3.997142857142857,37.42857142857143
263,2023-05-19,3.543673469387755,3.992857142857143,37.57142857142857
264,2023-05-20,3.5416326530612245,3.9885714285714284,37.714285714285715
265,2023-05-21,3.540408163265306,3.9842857142857144,37.857142857142854
266,2023-05-22,3.54,3.98,38.0
267,2023-05-23,3.52,3.9757142857142855,38.142857142857146
268,2023-05-24,3.533571428571429,3.9714285714285715,38.285714285714285
269,2023-05-25,3.545714285714286,3.967142857142857,38.42857142857143
270,2023-05-26,3.556428571428571,3.962857142857143,38.57142857142857
271,2023-05-27,3.565714285714286,3.9585714285714286,38.714285714285715
272,2023-05-28,3.5735714285714284,3.9542857142857146,38.857142857142854
273,2023-05-29,3.58,3.95,39.0
274,2023-05-30,3.6014285714285714,3.953061224489796,39.142857142857146
275,2023-05-31,3.5892857142857144,3.9465306122448984,39.285714285714285
276,2023-06-01,3.5785714285714287,3.9404081632653063,39.42857142857143
277,2023-06-02,3.5692857142857144,3.9346938775510205,39.57142857142857
278,2023-06-03,3.561428571428571,3.9293877551020406,39.714285714285715
279,2023-06-04,3.555,3.9244897959183676,39.857142857142854
280,2023-06-05,3.55,3.92,40.0
281,2023-06-06,3.53734693877551,3.9075510204081634,40.142857142857146
282,2023-06-07,3.5486734693877553,3.9094897959183674,40.285714285714285
283,2023-06-08,3.5589795918367346,3.9108163265306124,40.42857142857143
284,2023-06-09,3.5682653061224485,3.911530612244898,40.57142857142857
285,2023-06-10,3.576530612244898,3.9116326530612247,40.714285714285715
286,2023-06-11,3.5837755102040814,3.911122448979592,40.857142857142854
287,2023-06-12,3.59,3.91,41.0
288,2023-06-13,3.5885714285714285,3.92265306122449,41.142857142857146
289,2023-06-14,3.587142857142857,3.9113265306122447,41.285714285714285
290,2023-06-15,3.585714285714286,3.9010204081632653,41.42857142857143
291,2023-06-16,3.584285714285714,3.8917346938775514,41.57142857142857
292,2023-06-17,3.5828571428571427,3.883469387755102,41.714285714285715
293,2023-06-18,3.5814285714285714,3.8762244897959186,41.857142857142854
294,2023-06-19,3.58,3.87,42.0
295,2023-06-20,3.571224489795919,3.853061224489796,42.142857142857146
296,2023-06-21,3.5720408163265307,3.8601020408163267,42.285714285714285
297,2023-06-22,3.5724489795918366,3.8661224489795916,42.42857142857143
298,2023-06-23,3.5724489795918366,3.871122448979592,42.57142857142857
299,2023-06-24,3.5720408163265307,3.875102040816327,42.714285714285715
300,2023-06-25,3.571224489795918,3.878061224489796,42.857142857142854
301,2023-06-26,3.57,3.88,43.0
302,2023-06-27,3.5767346938775506,3.8889795918367347,43.142857142857146
303,2023-06-28,3.569081632653061,3.8787755102040813,43.285714285714285
304,2023-06-29,3.5620408163265305,3.8693877551020406,43.42857142857143
305,2023-06-30,3.5556122448979592,3.860816326530612,43.57142857142857
306,2023-07-01,3.5497959183673466,3.853061224489796,43.714285714285715
307,2023-07-02,3.544591836734694,3.8461224489795915,43.857142857142854
308,2023-07-03,3.54,3.84,44.0
309,2023-07-04,3.5510204081632653,3.84,44.142857142857146
310,2023-07-05,3.54765306122449,3.84,44.285714285714285
311,2023-07-06,3.5448979591836736,3.84,44.42857142857143
312,2023-07-07,3.5427551020408163,3.84,44.57142857142857
313,2023-07-08,3.541224489795918,3.84,44.714285714285715
314,2023-07-09,3.5403061224489796,3.84,44.857142857142854
315,2023-07-10,3.54,3.84,45.0
316,2023-07-11,3.5442857142857145,3.8546938775510204,45.142857142857146
317,2023-07-12,3.5485714285714285,3.850204081632653,45.285714285714285
318,2023-07-13,3.552857142857143,3.846530612244898,45.42857142857143
319,2023-07-14,3.557142857142857,3.843673469387755,45.57142857142857
320,2023-07-15,3.5614285714285714,3.8416326530612244,45.714285714285715
321,2023-07-16,3.5657142857142854,3.8404081632653058,45.857142857142854
322,2023-07-17,3.57,3.84,46.0
323,2023-07-18,3.6220408163265305,3.889795918367347,46.142857142857146
324,2023-07-19,3.6117346938775508,3.8820408163265308,46.285714285714285
325,2023-07-20,3.604081632653061,3.8767346938775513,46.42857142857143
326,2023-07-21,3.599081632653061,3.8738775510204078,46.57142857142857
327,2023-07-22,3.596734693877551,3.873469387755102,46.714285714285715
328,2023-07-23,3.5970408163265306,3.8755102040816323,46.857142857142854
329,2023-07-24,3.6,3.88,47.0
330,2023-07-25,3.589795918367347,3.8991836734693877,47.142857142857146
331,2023-07-26,3.622755102040817,3.9231632653061226,47.285714285714285
332,2023-07-27,3.6538775510204085,3.946938775510204,47.42857142857143
333,2023-07-28,3.6831632653061224,3.970510204081633,47.57142857142857
334,2023-07-29,3.710612244897959,3.9938775510204083,47.714285714285715
335,2023-07-30,3.7362244897959185,4.0170408163265305,47.857142857142854
336,2023-07-31,3.76,4.04,48.0
337,2023-08-01,3.7516326530612245,4.050408163265305,48.142857142857146
338,2023-08-02,3.7672448979591833,4.075204081632653,48.285714285714285
339,2023-08-03,3.7818367346938775,4.099387755102041,48.42857142857143
340,2023-08-04,3.795408163265306,4.12295918367347,48.57142857142857
341,2023-08-05,3.8079591836734696,4.1459183673469395,48.714285714285715
342,2023-08-06,3.819489795918367,4.168265306122449,48.857142857142854
343,2023-08-07,3.83,4.19,49.0
344,2023-08-08,3.8328571428571427,4.177755102040817,49.142857142857146
345,2023-08-09,3.835714285714286,4.203877551020408,49.285714285714285
346,2023-08-10,3.8385714285714285,4.228367346938775,49.42857142857143
347,2023-08-11,3.8414285714285716,4.251224489795919,49.57142857142857
348,2023-08-12,3.8442857142857143,4.272448979591837,49.714285714285715
349,2023-08-13,3.8471428571428574,4.292040816326531,49.857142857142854
350,2023-08-14,3.85,4.31,50.0
351,2023-08-15,3.827142857142857,4.31204081632653,50.142857142857146
352,2023-08-16,3.837857142857143,4.318877551020408,50.285714285714285
353,2023-08-17,3.847142857142857,4.325510204081632,50.42857142857143
354,2023-08-18,3.855,4.331938775510204,50.57142857142857
355,2023-08-19,3.8614285714285717,4.338163265306122,50.714285714285715
356,2023-08-20,3.8664285714285715,4.344183673469388,50.857142857142854
357,2023-08-21,3.87,4.35,51.0
358,2023-08-22,3.8775510204081636,4.368979591836735,51.142857142857146
359,2023-08-23,3.8659183673469393,4.368775510204082,51.285714285714285
360,2023-08-24,3.855102040816327,4.369387755102041,51.42857142857143
361,2023-08-25,3.845102040816326,4.370816326530612,51.57142857142857
362,2023-08-26,3.8359183673469386,4.3730612244897955,51.714285714285715
363,2023-08-27,3.827551020408163,4.376122448979592,51.857142857142854
364,2023-08-28,3.82,4.38,52.0
365,2023-08-29,3.8295918367346937,4.375306122448979,52.142857142857146
366,2023-08-30,3.824795918367347,4.389795918367347,52.285714285714285
367,2023-08-31,3.8206122448979594,4.403469387755102,52.42857142857143
368,2023-09-01,3.8170408163265304,4.416326530612245,52.57142857142857
369,2023-09-02,3.814081632653061,4.428367346938775,52.714285714285715
370,2023-09-03,3.811734693877551,4.439591836734694,52.857142857142854
371,2023-09-04,3.81,4.45,53.0
372,2023-09-05,3.823877551020408,4.48,53.142857142857146
373,2023-09-06,3.8233673469387757,4.476428571428571,53.285714285714285
374,2023-09-07,3.823469387755102,4.474285714285715,53.42857142857143
375,2023-09-08,3.824183673469388,4.473571428571429,53.57142857142857
376,2023-09-09,3.8255102040816324,4.474285714285714,53.714285714285715
377,2023-09-10,3.827448979591837,4.476428571428571,53.857142857142854
378,2023-09-11,3.83,4.48,54.0
379,2023-09-12,3.8077551020408165,4.453877551020409,54.142857142857146
380,2023-09-13,3.8238775510204084,4.480510204081633,54.285714285714285
381,2023-09-14,3.8383673469387753,4.5048979591836735,54.42857142857143
382,2023-09-15,3.8512244897959182,4.527040816326531,54.57142857142857
383,2023-09-16,3.8624489795918366,4.546938775510204,54.714285714285715
384,2023-09-17,3.8720408163265305,4.564591836734694,54.857142857142854
385,2023-09-18,3.88,4.58,55.0
386,2023-09-19,3.87204081632653,4.585918367346938,55.142857142857146
387,2023-09-20,3.8688775510204083,4.582244897959184,55.285714285714285
388,2023-09-21,3.8655102040816325,4.578979591836735,55.42857142857143
389,2023-09-22,3.8619387755102044,4.576122448979592,55.57142857142857
390,2023-09-23,3.858163265306122,4.573673469387755,55.714285714285715
391,2023-09-24,3.854183673469388,4.571632653061225,55.857142857142854
392,2023-09-25,3.85,4.57,56.0
393,2023-09-26,3.8185714285714285,4.542040816326531,56.142857142857146
394,2023-09-27,3.8207142857142857,4.552448979591837,56.285714285714285
395,2023-09-28,3.821428571428571,4.561224489795919,56.42857142857143
396,2023-09-29,3.820714285714286,4.568367346938776,56.57142857142857
397,2023-09-30,3.818571428571429,4.573877551020408,56.714285714285715
398,2023-10-01,3.815,4.5777551020408165,56.857142857142854
399,2023-10-02,3.81,4.58,57.0
400,2023-10-03,3.7979591836734694,4.577346938775511,57.142857142857146
401,2023-10-04,3.7811224489795916,4.565102040816326,57.285714285714285
402,2023-10-05,3.7644897959183674,4.553265306122449,57.42857142857143
403,2023-10-06,3.748061224489796,4.541836734693877,57.57142857142857
404,2023-10-07,3.7318367346938777,4.530816326530613,57.714285714285715
405,2023-10-08,3.715816326530612,4.520204081632652,57.857142857142854
406,2023-10-09,3.7,4.51,58.0
407,2023-10-10,3.7040816326530615,4.535918367346938,58.142857142857146
408,2023-10-11,3.684183673469388,4.518673469387755,58.285714285714285
409,2023-10-12,3.66530612244898,4.503265306122449,58.42857142857143
410,2023-10-13,3.647448979591837,4.48969387755102,58.57142857142857
411,2023-10-14,3.630612244897959,4.47795918367347,58.714285714285715
412,2023-10-15,3.614795918367347,4.468061224489796,58.857142857142854
413,2023-10-16,3.6,4.46,59.0
414,2023-10-17,3.589183673469388,4.4399999999999995,59.142857142857146
415,2023-10-18,3.5831632653061227,4.453571428571428,59.285714285714285
416,2023-10-19,3.5769387755102042,4.465714285714285,59.42857142857143
417,2023-10-20,3.5705102040816326,4.476428571428571,59.57142857142857
418,2023-10-21,3.563877551020408,4.485714285714286,59.714285714285715
419,2023-10-22,3.5570408163265306,4.493571428571429,59.857142857142854
420,2023-10-23,3.55,4.5,60.0
421,2023-10-24,3.537755102040816,4.481020408163266,60.142857142857146
422,2023-10-25,3.5303061224489793,4.481224489795919,60.285714285714285
423,2023-10-26,3.52265306122449,4.480612244897959,60.42857142857143
424,2023-10-27,3.514795918367347,4.479183673469388,60.57142857142857
425,2023-10-28,3.5067346938775508,4.476938775510204,60.714285714285715
426,2023-10-29,3.4984693877551023,4.473877551020408,60.857142857142854
427,2023-10-30,3.49,4.47,61.0
428,2023-10-31,3.4873469387755103,4.46734693877551,61.142857142857146
429,2023-11-01,3.475102040816327,4.455102040816326,61.285714285714285
430,2023-11-02,3.463265306122449,4.443265306122449,61.42857142857143
431,2023-11-03,3.451836734693878,4.431836734693877,61.57142857142857
432,2023-11-04,3.440816326530612,4.420816326530612,61.714285714285715
433,2023-11-05,3.4302040816326533,4.410204081632653,61.857142857142854
434,2023-11-06,3.42,4.4,62.0
435,2023-11-07,3.4091836734693874,4.385510204081633,62.142857142857146
436,2023-11-08,3.4031632653061226,4.38061224489796,62.285714285714285
437,2023-11-09,3.396938775510204,4.37530612244898,62.42857142857143
438,2023-11-10,3.390510204081633,4.369591836734694,62.57142857142857
439,2023-11-11,3.383877551020408,4.363469387755102,62.714285714285715
440,2023-11-12,3.377040816326531,4.356938775510204,62.857142857142854
441,2023-11-13,3.37,4.35,63.0
442,2023-11-14,3.3614285714285717,4.34734693877551,63.142857142857146
443,2023-11-15,3.3528571428571428,4.335102040816326,63.285714285714285
444,2023-11-16,3.3442857142857143,4.323265306122449,63.42857142857143
445,2023-11-17,3.335714285714286,4.311836734693877,63.57142857142857
446,2023-11-18,3.3271428571428574,4.300816326530612,63.714285714285715
447,2023-11-19,3.3185714285714285,4.290204081632653,63.857142857142854
448,2023-11-20,3.31,4.28,64.0
449,2023-11-21,3.319795918367347,4.2765306122448985,64.14285714285714
450,2023-11-22,3.3056122448979592,4.26826530612245,64.28571428571429
451,2023-11-23,3.292448979591837,4.260204081632653,64.42857142857143
452,2023-11-24,3.28030612244898,4.252346938775511,64.57142857142857
453,2023-11-25,3.2691836734693878,4.244693877551021,64.71428571428571
454,2023-11-26,3.259081632653061,4.237244897959184,64.85714285714286
455,2023-11-27,3.25,4.23,65.0
456,2023-11-28,3.2191836734693875,4.205918367346939,65.14285714285714
457,2023-11-29,3.226734693877551,4.205816326530613,65.28571428571429
458,2023-11-30,3.23265306122449,4.204693877551021,65.42857142857143
459,2023-12-01,3.236938775510204,4.202551020408164,65.57142857142857
460,2023-12-02,3.239591836734694,4.199387755102041,65.71428571428571
461,2023-12-03,3.2406122448979593,4.195204081632653,65.85714285714286
462,2023-12-04,3.24,4.19,66.0
463,2023-12-05,3.2308163265306127,4.177142857142857,66.14285714285714
464,2023-12-06,3.2168367346938775,4.164285714285715,66.28571428571429
465,2023-12-07,3.203061224489796,4.151428571428571,66.42857142857143
466,2023-12-08,3.1894897959183672,4.138571428571429,66.57142857142857
467,2023-12-09,3.176122448979592,4.1257142857142854,66.71428571428571
468,2023-12-10,3.162959183673469,4.112857142857143,66.85714285714286
469,2023-12-11,3.15,4.1,67.0
470,2023-12-12,3.19,4.123877551020408,67.14285714285714
471,2023-12-13,3.162857142857143,4.099795918367346,67.28571428571429
472,2023-12-14,3.1385714285714283,4.0777551020408165,67.42857142857143
473,2023-12-15,3.117142857142857,4.057755102040816,67.57142857142857
474,2023-12-16,3.0985714285714283,4.039795918367346,67.71428571428571
475,2023-12-17,3.0828571428571427,4.023877551020408,67.85714285714286
476,2023-12-18,3.07,4.01,68.0
477,2023-12-19,3.0491836734693876,3.9930612244897965,68.14285714285714
478,2023-12-20,3.0667346938775513,4.000102040816326,68.28571428571429
479,2023-12-21,3.0826530612244896,4.006122448979592,68.42857142857143
480,2023-12-22,3.096938775510204,4.011122448979592,68.57142857142857
481,2023-12-23,3.1095918367346935,4.015102040816326,68.71428571428571
482,2023-12-24,3.120612244897959,4.018061224489795,68.85714285714286
483,2023-12-25,3.13,4.02,69.0
484,2023-12-26,3.1234693877551023,4.01795918367347,69.14285714285714
485,2023-12-27,3.121734693877551,4.011122448979592,69.28571428571429
486,2023-12-28,3.119795918367347,4.004489795918367,69.42857142857143
487,2023-12-29,3.1176530612244897,3.9980612244897955,69.57142857142857
488,2023-12-30,3.1153061224489798,3.991836734693877,69.71428571428571
489,2023-12-31,3.112755102040816,3.985816326530612,69.85714285714286
490,2024-01-01,3.11,3.98,70.0
491,2024-01-02,3.1130612244897953,3.9757142857142855,70.14285714285714
492,2024-01-03,3.1065306122448977,3.9714285714285715,70.28571428571429
493,2024-01-04,3.100408163265306,3.967142857142857,70.42857142857143
494,2024-01-05,3.0946938775510207,3.962857142857143,70.57142857142857
495,2024-01-06,3.0893877551020408,3.9585714285714286,70.71428571428571
496,2024-01-07,3.0844897959183677,3.9542857142857146,70.85714285714286
497,2024-01-08,3.08,3.95,71.0
498,2024-01-09,3.085918367346939,3.953061224489796,71.14285714285714
499,2024-01-10,3.0822448979591837,3.9465306122448984,71.28571428571429
500,2024-01-11,3.0789795918367346,3.9404081632653063,71.42857142857143
501,2024-01-12,3.076122448979592,3.9346938775510205,71.57142857142857
502,2024-01-13,3.073673469387755,3.9293877551020406,71.71428571428571
503,2024-01-14,3.0716326530612243,3.9244897959183676,71.85714285714286
504,2024-01-15,3.07,3.92,72.0
505,2024-01-16,3.078775510204081,3.9222448979591835,72.14285714285714
506,2024-01-17,3.077959183673469,3.9196938775510204,72.28571428571429
507,2024-01-18,3.0775510204081633,3.9173469387755104,72.42857142857143
508,2024-01-19,3.0775510204081633,3.9152040816326528,72.57142857142857
509,2024-01-20,3.077959183673469,3.9132653061224487,72.71428571428571
510,2024-01-21,3.078775510204082,3.911530612244898,72.85714285714286
511,2024-01-22,3.08,3.91,73.0
512,2024-01-23,3.08795918367347,3.9173469387755104,73.14285714285714
513,2024-01-24,3.0911224489795917,3.915102040816327,73.28571428571429
514,2024-01-25,3.0944897959183675,3.913265306122449,73.42857142857143
515,2024-01-26,3.0980612244897956,3.911836734693878,73.57142857142857
516,2024-01-27,3.1018367346938778,3.9108163265306124,73.71428571428571
517,2024-01-28,3.105816326530612,3.9102040816326533,73.85714285714286
518,2024-01-29,3.11,3.91,74.0
519,2024-01-30,3.119387755102041,3.9312244897959183,74.14285714285714
520,2024-01-31,3.1239795918367346,3.928469387755102,74.28571428571429
521,2024-02-01,3.1287755102040817,3.926734693877551,74.42857142857143
522,2024-02-02,3.133775510204081,3.9260204081632657,74.57142857142857
523,2024-02-03,3.1389795918367347,3.926326530612245,74.71428571428571
524,2024-02-04,3.1443877551020405,3.92765306122449,74.85714285714286
525,2024-02-05,3.15,3.93,75.0
526,2024-02-06,3.1681632653061222,3.951020408163265,75.14285714285714
527,2024-02-07,3.171938775510204,3.95765306122449,75.28571428571429
528,2024-02-08,3.176326530612245,3.9648979591836735,75.42857142857143
529,2024-02-09,3.181326530612245,3.9727551020408165,75.57142857142857
530,2024-02-10,3.186938775510204,3.981224489795918,75.71428571428571
531,2024-02-11,3.1931632653061226,3.9903061224489798,75.85714285714286
532,2024-02-12,3.2,4.0,76.0
533,2024-02-13,3.1746938775510207,3.9665306122448984,76.14285714285714
534,2024-02-14,3.1973469387755102,3.9954081632653065,76.28571428571429
535,2024-02-15,3.21795918367347,4.021632653061224,76.42857142857143
536,2024-02-16,3.236530612244898,4.045204081632653,76.57142857142857
537,2024-02-17,3.253061224489796,4.066122448979591,76.71428571428571
538,2024-02-18,3.267551020408163,4.084387755102041,76.85714285714286
539,2024-02-19,3.28,4.1,77.0
540,2024-02-20,3.3175510204081635,4.09938775510204,77.14285714285714
541,2024-02-21,3.30234693877551,4.093979591836734,77.28571428571429
542,2024-02-22,3.289387755102041,4.088775510204082,77.42857142857143
543,2024-02-23,3.278673469387755,4.083775510204082,77.57142857142857
544,2024-02-24,3.2702040816326527,4.078979591836735,77.71428571428571
545,2024-02-25,3.2639795918367343,4.074387755102041,77.85714285714286
546,2024-02-26,3.26,4.07,78.0
547,2024-02-27,3.258163265306122,4.067142857142858,78.14285714285714
548,2024-02-28,3.275510204081632,4.064285714285714,78.28571428571429
549,2024-02-29,3.2920408163265305,4.061428571428571,78.42857142857143
550,2024-03-01,3.307755102040816,4.058571428571429,78.57142857142857
551,2024-03-02,3.32265306122449,4.055714285714286,78.71428571428571
552,2024-03-03,3.336734693877551,4.0528571428571425,78.85714285714286
553,2024-03-04,3.35,4.05,79.0
554,2024-03-05,3.3644897959183675,4.054489795918367,79.14285714285714
555,2024-03-06,3.369387755102041,4.049387755102041,79.28571428571429
556,2024-03-07,3.3746938775510205,4.044693877551021,79.42857142857143
557,2024-03-08,3.3804081632653062,4.0404081632653055,79.57142857142857
558,2024-03-09,3.386530612244898,4.036530612244897,79.71428571428571
559,2024-03-10,3.393061224489796,4.033061224489796,79.85714285714286
560,2024-03-11,3.4,4.03,80.0
561,2024-03-12,3.4063265306122448,4.033673469387756,80.14285714285714
562,2024-03-13,3.4174489795918364,4.032551020408164,80.28571428571429
563,2024-03-14,3.4283673469387757,4.031632653061225,80.42857142857143
564,2024-03-15,3.4390816326530613,4.030918367346939,80.57142857142857
565,2024-03-16,3.449591836734694,4.030408163265307,80.71428571428571
566,2024-03-17,3.4598979591836736,4.030102040816327,80.85714285714286
567,2024-03-18,3.47,4.03,81.0
568,2024-03-19,3.4602040816326536,4.020408163265307,81.14285714285714
569,2024-03-20,3.474387755102041,4.025204081632653,81.28571428571429
570,2024-03-21,3.487551020408163,4.029387755102041,81.42857142857143
571,2024-03-22,3.4996938775510205,4.032959183673469,81.57142857142857
572,2024-03-23,3.5108163265306125,4.035918367346939,81.71428571428571
573,2024-03-24,3.5209183673469386,4.038265306122448,81.85714285714286
574,2024-03-25,3.53,4.04,82.0
575,2024-03-26,3.5497959183673466,4.051836734693878,82.14285714285714
576,2024-03-27,3.545612244897959,4.044489795918367,82.28571428571429
577,2024-03-28,3.542448979591837,4.037959183673469,82.42857142857143
578,2024-03-29,3.5403061224489796,4.032244897959184,82.57142857142857
579,2024-03-30,3.5391836734693873,4.02734693877551,82.71428571428571
580,2024-03-31,3.5390816326530614,4.023265306122449,82.85714285714286
581,2024-04-01,3.54,4.02,83.0
582,2024-04-02,3.5375510204081633,4.0155102040816315,83.14285714285714
583,2024-04-03,3.5494897959183676,4.0206122448979595,83.28571428571429
584,2024-04-04,3.5608163265306123,4.0253061224489795,83.42857142857143
585,2024-04-05,3.571530612244898,4.029591836734694,83.57142857142857
586,2024-04-06,3.5816326530612246,4.033469387755101,83.71428571428571
587,2024-04-07,3.591122448979592,4.036938775510205,83.85714285714286
588,2024-04-08,3.6,4.04,84.0
589,2024-04-09,3.611632653061225,4.036326530612245,84.14285714285714
590,2024-04-10,3.6136734693877552,4.0374489795918365,84.28571428571429
591,2024-04-11,3.616122448979592,4.0383673469387755,84.42857142857143
592,2024-04-12,3.6189795918367347,4.039081632653061,84.57142857142857
593,2024-04-13,3.6222448979591837,4.039591836734694,84.71428571428571
594,2024-04-14,3.6259183673469386,4.039897959183674,84.85714285714286
595,2024-04-15,3.63,4.04,85.0
596,2024-04-16,3.611428571428571,4.0312244897959175,85.14285714285714
597,2024-04-17,3.6264285714285713,4.032040816326531,85.28571428571429
598,2024-04-18,3.6399999999999997,4.032448979591837,85.42857142857143
599,2024-04-19,3.652142857142857,4.0324489795918375,85.57142857142857
600,2024-04-20,3.6628571428571433,4.03204081632653,85.71428571428571
601,2024-04-21,3.672142857142857,4.031224489795919,85.85714285714286
602,2024-04-22,3.68,4.03,86.0
603,2024-04-23,3.6808163265306124,4.025714285714286,86.14285714285714
604,2024-04-24,3.6768367346938775,4.021428571428571,86.28571428571429
605,2024-04-25,3.673061224489796,4.017142857142857,86.42857142857143
606,2024-04-26,3.669489795918367,4.012857142857143,86.57142857142857
607,2024-04-27,3.666122448979592,4.008571428571429,86.71428571428571
608,2024-04-28,3.662959183673469,4.0042857142857144,86.85714285714286
609,2024-04-29,3.66,4.0,87.0
610,2024-04-30,3.651224489795919,3.99204081632653,87.14285714285714
611,2024-05-01,3.6520408163265308,3.9888775510204084,87.28571428571429
612,2024-05-02,3.6524489795918367,3.9855102040816326,87.42857142857143
613,2024-05-03,3.6524489795918367,3.9819387755102045,87.57142857142857
614,2024-05-04,3.6520408163265308,3.9781632653061223,87.71428571428571
615,2024-05-05,3.651224489795918,3.9741836734693883,87.85714285714286
616,2024-05-06,3.65,3.97,88.0
617,2024-05-07,3.6457142857142855,3.9679591836734693,88.14285714285714
618,2024-05-08,3.6414285714285715,3.9611224489795918,88.28571428571429
619,2024-05-09,3.637142857142857,3.9544897959183674,88.42857142857143
620,2024-05-10,3.632857142857143,3.948061224489796,88.57142857142857
621,2024-05-11,3.6285714285714286,3.9418367346938776,88.71428571428571
622,2024-05-12,3.6242857142857146,3.9358163265306123,88.85714285714286
623,2024-05-13,3.62,3.93,89.0
624,2024-05-14,3.626734693877551,3.9257142857142857,89.14285714285714
625,2024-05-15,3.6190816326530615,3.9214285714285717,89.28571428571429
626,2024-05-16,3.6120408163265307,3.9171428571428573,89.42857142857143
627,2024-05-17,3.605612244897959,3.912857142857143,89.57142857142857
628,2024-05-18,3.5997959183673465,3.9085714285714284,89.71428571428571
629,2024-05-19,3.594591836734694,3.9042857142857144,89.85714285714286
630,2024-05-20,3.59,3.9,90.0
631,2024-05-21,3.5679591836734694,3.8993877551020404,90.14285714285714
632,2024-05-22,3.57469387755102,3.8939795918367346,90.28571428571429
633,2024-05-23,3.580204081632653,3.8887755102040815,90.42857142857143
634,2024-05-24,3.5844897959183672,3.8837755102040816,90.57142857142857
635,2024-05-25,3.587551020408163,3.8789795918367345,90.71428571428571
636,2024-05-26,3.5893877551020408,3.874387755102041,90.85714285714286
637,2024-05-27,3.59,3.87,91.0
638,2024-05-28,3.5740816326530616,3.852448979591837,91.14285714285714
639,2024-05-29,3.5677551020408163,3.8540816326530614,91.28571428571429
640,2024-05-30,3.561020408163265,3.8548979591836736,91.42857142857143
641,2024-05-31,3.553877551020408,3.8548979591836736,91.57142857142857
642,2024-06-01,3.546326530612245,3.8540816326530614,91.71428571428571
643,2024-06-02,3.538367346938775,3.852448979591837,91.85714285714286
644,2024-06-03,3.53,3.85,92.0
645,2024-06-04,3.547959183673469,3.856122448979592,92.14285714285714
646,2024-06-05,3.527551020408163,3.8430612244897957,92.28571428571429
647,2024-06-06,3.5087755102040816,3.8308163265306123,92.42857142857143
648,2024-06-07,3.4916326530612247,3.8193877551020408,92.57142857142857
649,2024-06-08,3.476122448979592,3.808775510204082,92.71428571428571
650,2024-06-09,3.462244897959184,3.7989795918367344,92.85714285714286
651,2024-06-10,3.45,3.79,93.0
652,2024-06-11,3.45,3.801836734693878,93.14285714285714
653,2024-06-12,3.45,3.794489795918367,93.28571428571429
654,2024-06-13,3.45,3.7879591836734696,93.42857142857143
655,2024-06-14,3.45,3.7822448979591834,93.57142857142857
656,2024-06-15,3.45,3.7773469387755103,93.71428571428571
657,2024-06-16,3.45,3.7732653061224486,93.85714285714286
658,2024-06-17,3.45,3.77,94.0
659,2024-06-18,3.4646938775510208,3.7691836734693873,94.14285714285714
660,2024-06-19,3.460204081632653,3.7731632653061227,94.28571428571429
661,2024-06-20,3.456530612244898,3.776938775510204,94.42857142857143
662,2024-06-21,3.453673469387755,3.780510204081633,94.57142857142857
663,2024-06-22,3.4516326530612247,3.783877551020408,94.71428571428571
664,2024-06-23,3.450408163265306,3.787040816326531,94.85714285714286
665,2024-06-24,3.45,3.79,95.0
666,2024-06-25,3.4483673469387757,3.8024489795918366,95.14285714285714
667,2024-06-26,3.456326530612245,3.8005102040816325,95.28571428571429
668,2024-06-27,3.4638775510204085,3.7991836734693876,95.42857142857143
669,2024-06-28,3.471020408163265,3.798469387755102,95.57142857142857
670,2024-06-29,3.4777551020408164,3.7983673469387753,95.71428571428571
671,2024-06-30,3.4840816326530613,3.798877551020408,95.85714285714286
672,2024-07-01,3.49,3.8,96.0
673,2024-07-02,3.489183673469388,3.7983673469387753,96.14285714285714
674,2024-07-03,3.493163265306123,3.8063265306122447,96.28571428571429
675,2024-07-04,3.496938775510204,3.813877551020408,96.42857142857143
676,2024-07-05,3.5005102040816327,3.821020408163265,96.57142857142857
677,2024-07-06,3.503877551020408,3.827755102040816,96.71428571428571
678,2024-07-07,3.5070408163265308,3.834081632653061,96.85714285714286
679,2024-07-08,3.51,3.84,97.0
680,2024-07-09,3.500408163265306,3.824489795918367,97.14285714285714
681,2024-07-10,3.505204081632653,3.8329591836734695,97.28571428571429
682,2024-07-11,3.5093877551020407,3.8404081632653058,97.42857142857143
683,2024-07-12,3.5129591836734693,3.8468367346938774,97.57142857142857
684,2024-07-13,3.5159183673469387,3.8522448979591837,97.71428571428571
685,2024-07-14,3.518265306122449,3.8566326530612245,97.85714285714286
686,2024-07-15,3.52,3.86,98.0
687,2024-07-16,3.5281632653061226,3.8593877551020404,98.14285714285714
688,2024-07-17,3.521938775510204,3.8539795918367346,98.28571428571429
689,2024-07-18,3.516326530612245,3.8487755102040815,98.42857142857143
690,2024-07-19,3.5113265306122448,3.8437755102040816,98.57142857142857
691,2024-07-20,3.506938775510204,3.8389795918367344,98.71428571428571
692,2024-07-21,3.503163265306122,3.834387755102041,98.85714285714286
693,2024-07-22,3.5,3.83,99.0
694,2024-07-23,3.483061224489796,3.8271428571428574,99.14285714285714
695,2024-07-24,3.4901020408163266,3.8242857142857143,99.28571428571429
696,2024-07-25,3.4961224489795915,3.8214285714285716,99.42857142857143
697,2024-07-26,3.501122448979592,3.8185714285714285,99.57142857142857
698,2024-07-27,3.5051020408163267,3.815714285714286,99.71428571428571
699,2024-07-28,3.5080612244897957,3.8128571428571427,99.85714285714286
700,2024-07-29,3.51,3.81,100.0
701,2024-07-30,3.507959183673469,3.799795918367347,100.14285714285714
702,2024-07-31,3.501122448979592,3.7991836734693876,100.28571428571429
703,2024-08-01,3.4944897959183674,3.7981632653061226,100.42857142857143
704,2024-08-02,3.4880612244897957,3.796734693877551,100.57142857142857
705,2024-08-03,3.4818367346938772,3.7948979591836736,100.71428571428571
706,2024-08-04,3.4758163265306123,3.7926530612244895,100.85714285714286
707,2024-08-05,3.47,3.79,101.0
708,2024-08-06,3.4657142857142857,3.7916326530612245,101.14285714285714
709,2024-08-07,3.4614285714285717,3.783673469387755,101.28571428571429
710,2024-08-08,3.4571428571428573,3.7761224489795917,101.42857142857143
711,2024-08-09,3.452857142857143,3.768979591836735,101.57142857142857
712,2024-08-10,3.4485714285714284,3.762244897959184,101.71428571428571
713,2024-08-11,3.4442857142857144,3.755918367346939,101.85714285714286
714,2024-08-12,3.44,3.75,102.0
715,2024-08-13,3.4246938775510203,3.7434693877551024,102.14285714285714
716,2024-08-14,3.4237755102040817,3.741734693877551,102.28571428571429
717,2024-08-15,3.4222448979591835,3.739795918367347,102.42857142857143
718,2024-08-16,3.4201020408163267,3.73765306122449,102.57142857142857
719,2024-08-17,3.4173469387755104,3.73530612244898,102.71428571428571
720,2024-08-18,3.413979591836735,3.7327551020408163,102.85714285714286
721,2024-08-19,3.41,3.73,103.0
722,2024-08-20,3.401122448979592,3.725612244897959,103.14285714285714
723,2024-08-21,3.3916326530612246,3.7210204081632656,103.28571428571429
724,2024-08-22,3.381530612244898,3.7162244897959185,103.42857142857143
725,2024-08-23,3.3708163265306124,3.7112244897959186,103.57142857142857
726,2024-08-24,3.3594897959183676,3.7060204081632655,103.71428571428571
727,2024-08-25,3.3475510204081633,3.7006122448979597,103.85714285714286
728,2024-08-26,3.35,3.7,104.0
729,2024-08-27,3.341122448979592,3.6956122448979594,104.14285714285714
730,2024-08-28,3.3316326530612246,3.691020408163266,104.28571428571429
731,2024-08-29,3.321530612244898,3.6862244897959187,104.42857142857143
732,2024-08-30,3.3108163265306123,3.6812244897959188,104.57142857142857
733,2024-08-31,3.2994897959183676,3.6760204081632657,104.71428571428571
734,2024-09-01,3.2875510204081633,3.67061224489796,104.85714285714286
735,2024-09-02,3.275,3.6650000000000005,105.0
